Wpis o indeksie: 1,op6
Wpis o indeksie: 2,op5
Wpis o indeksie: 3,op3
Wpis o indeksie: 4,op5
Wpis o indeksie: 5,op1
Wpis o indeksie: 6,op4
Wpis o indeksie: 7,op3
Wpis o indeksie: 8,op3
Wpis o indeksie: 9,op1
Wpis o indeksie: 10,op2
Wpis o indeksie: 11,op6
Wpis o indeksie: 12,op6
Wpis o indeksie: 13,op3
Wpis o indeksie: 14,op4
Wpis o indeksie: 15,op6
Wpis o indeksie: 16,op5
Wpis o indeksie: 17,op3
Wpis o indeksie: 18,op3
Wpis o indeksie: 19,op4
Wpis o indeksie: 20,op2
Wpis o indeksie: 21,op5
Wpis o indeksie: 22,op3
Wpis o indeksie: 23,op4
Wpis o indeksie: 24,op2
Wpis o indeksie: 25,op4
Wpis o indeksie: 26,op6
Wpis o indeksie: 27,op2
Wpis o indeksie: 28,op3
Wpis o indeksie: 29,op3
Wpis o indeksie: 30,op6
Wpis o indeksie: 31,op3
Wpis o indeksie: 32,op5
Wpis o indeksie: 33,op1
Wpis o indeksie: 34,op3
Wpis o indeksie: 35,op1
Wpis o indeksie: 36,op2
Wpis o indeksie: 37,op6
Wpis o indeksie: 38,op2
Wpis o indeksie: 39,op4
Wpis o indeksie: 40,op1
Wpis o indeksie: 41,op2
Wpis o indeksie: 42,op6
Wpis o indeksie: 43,op6
Wpis o indeksie: 44,op6
Wpis o indeksie: 45,op3
Wpis o indeksie: 46,op1
Wpis o indeksie: 47,op3
Wpis o indeksie: 48,op3
Wpis o indeksie: 49,op5
Wpis o indeksie: 50,op6
Wpis o indeksie: 51,op4
Wpis o indeksie: 52,op5
Wpis o indeksie: 53,op2
Wpis o indeksie: 54,op2
Wpis o indeksie: 55,op6
Wpis o indeksie: 56,op2
Wpis o indeksie: 57,op1
Wpis o indeksie: 58,op4
Wpis o indeksie: 59,op1
Wpis o indeksie: 60,op5
Wpis o indeksie: 61,op3
Wpis o indeksie: 62,op1
Wpis o indeksie: 63,op4
Wpis o indeksie: 64,op4
Wpis o indeksie: 65,op2
Wpis o indeksie: 66,op3
Wpis o indeksie: 67,op3
Wpis o indeksie: 68,op6
Wpis o indeksie: 69,op3
Wpis o indeksie: 70,op5
Wpis o indeksie: 71,op5
Wpis o indeksie: 72,op1
Wpis o indeksie: 73,op4
Wpis o indeksie: 74,op2
Wpis o indeksie: 75,op2
Wpis o indeksie: 76,op4
Wpis o indeksie: 77,op1
Wpis o indeksie: 78,op5
Wpis o indeksie: 79,op1
Wpis o indeksie: 80,op2
Wpis o indeksie: 81,op6
Wpis o indeksie: 82,op2
Wpis o indeksie: 83,op4
Wpis o indeksie: 84,op1
Wpis o indeksie: 85,op3
Wpis o indeksie: 86,op3
Wpis o indeksie: 87,op3
Wpis o indeksie: 88,op6
Wpis o indeksie: 89,op4
Wpis o indeksie: 90,op1
Wpis o indeksie: 91,op5
Wpis o indeksie: 92,op4
Wpis o indeksie: 93,op1
Wpis o indeksie: 94,op5
Wpis o indeksie: 95,op4
Wpis o indeksie: 96,op6
Wpis o indeksie: 97,op4
Wpis o indeksie: 98,op5
Wpis o indeksie: 99,op2
